{"v":"5.8.1","fr":24,"ip":0,"op":335,"w":278,"h":182,"nm":"Scene_39","ddd":0,"assets":[],"layers":[{"ddd":0,"ind":1,"ty":4,"nm":"Eye_5","sr":1,"ks":{"p":{"a":0,"k":[406,226,0]}},"ao":0,"shapes":[{"ty":"gr","it":[{"ty":"gr","it":[{"ind":0,"ty":"sh","ks":{"a":0,"k":{"i":[[0,0],[-6.881,-9.097],[0.034,0.428],[8.915,1.661]],"o":[[0,0],[0.276,0.365],[-0.222,-2.766],[-14.057,-2.62]],"v":[[-240.22,-157.64],[-219,-150.876],[-218.113,-151.109],[-228.815,-161.219]],"c":true}},"nm":"Path 1","hd":false},{"ty":"fl","c":{"a":0,"k":[0.239215686917,0.180392161012,0.090196080506,1]},"o":{"a":0,"k":100},"r":1,"bm":0,"nm":"Fill 1","hd":false},{"ty":"tr","p":{"a":0,"k":[0,0]},"a":{"a":0,"k":[0,0]},"s":{"a":0,"k":[100,100]},"r":{"a":0,"k":0},"o":{"a":0,"k":100},"sk":{"a":0,"k":0},"sa":{"a":0,"k":0},"nm":"Transform"}],"nm":"Group 1","bm":0,"hd":false},{"ty":"gr","it":[{"ind":0,"ty":"sh","ks":{"a":0,"k":{"i":[[0,0],[6.881,-9.097],[-0.034,0.428],[-8.915,1.661]],"o":[[0,0],[-0.276,0.365],[0.222,-2.766],[14.057,-2.62]],"v":[[-295.082,-152.046],[-316.302,-145.282],[-317.189,-145.515],[-306.487,-155.625]],"c":true}},"nm":"Path 1","hd":false},{"ty":"fl","c":{"a":0,"k":[0.239215686917,0.180392161012,0.090196080506,1]},"o":{"a":0,"k":100},"r":1,"bm":0,"nm":"Fill 1","hd":false},{"ty":"tr","p":{"a":0,"k":[0,0]},"a":{"a":0,"k":[0,0]},"s":{"a":0,"k":[100,100]},"r":{"a":0,"k":0},"o":{"a":0,"k":100},"sk":{"a":0,"k":0},"sa":{"a":0,"k":0},"nm":"Transform"}],"nm":"Group 2","bm":0,"hd":false},{"ty":"tr","p":{"a":1,"k":[{"i":{"x":0.667,"y":1},"o":{"x":0.333,"y":0},"t":13,"s":[-267.651,-156.473],"to":[0,0.5],"ti":[0,0]},{"i":{"x":0.667,"y":1},"o":{"x":0.333,"y":0},"t":19,"s":[-267.651,-153.473],"to":[0,0],"ti":[0,0.5]},{"i":{"x":0.833,"y":0.833},"o":{"x":0.167,"y":0.167},"t":25,"s":[-267.651,-156.473],"to":[0,0],"ti":[0,0]},{"i":{"x":0.667,"y":1},"o":{"x":0.333,"y":0},"t":67,"s":[-267.651,-156.473],"to":[0,0.5],"ti":[0,0]},{"i":{"x":0.667,"y":1},"o":{"x":0.333,"y":0},"t":73,"s":[-267.651,-153.473],"to":[0,0],"ti":[0,0.5]},{"i":{"x":0.833,"y":0.833},"o":{"x":0.167,"y":0.167},"t":79,"s":[-267.651,-156.473],"to":[0,0],"ti":[0,0]},{"i":{"x":0.667,"y":1},"o":{"x":0.333,"y":0},"t":149,"s":[-267.651,-156.473],"to":[0,0.5],"ti":[0,0]},{"i":{"x":0.667,"y":1},"o":{"x":0.333,"y":0},"t":155,"s":[-267.651,-153.473],"to":[0,0],"ti":[0,0.5]},{"i":{"x":0.833,"y":0.833},"o":{"x":0.167,"y":0.167},"t":161,"s":[-267.651,-156.473],"to":[0,0],"ti":[0,0]},{"i":{"x":0.667,"y":1},"o":{"x":0.333,"y":0},"t":289,"s":[-267.651,-156.473],"to":[0,0.5],"ti":[0,0]},{"i":{"x":0.667,"y":1},"o":{"x":0.333,"y":0},"t":295,"s":[-267.651,-153.473],"to":[0,0],"ti":[0,0.5]},{"t":301,"s":[-267.651,-156.473]}]},"a":{"a":0,"k":[-267.651,-153.473]},"s":{"a":0,"k":[100,100]},"r":{"a":0,"k":0},"o":{"a":0,"k":100},"sk":{"a":0,"k":0},"sa":{"a":0,"k":0},"nm":"Transform"}],"nm":"Group 5","bm":0,"hd":false},{"ty":"gr","it":[{"ind":0,"ty":"sh","ks":{"a":1,"k":[{"i":{"x":0.667,"y":1},"o":{"x":0.333,"y":0},"t":13,"s":[{"i":[[-0.826,-7.756],[12.82,0.314],[-0.029,-0.131],[-7.952,0]],"o":[[0.027,0.254],[-11.803,-0.289],[2.171,-7.727],[7.952,0]],"v":[[-285.549,-125.619],[-299.822,-140.086],[-314.346,-125.619],[-299.947,-140.151]],"c":true}]},{"i":{"x":0.667,"y":1},"o":{"x":0.333,"y":0},"t":19,"s":[{"i":[[0,-8.026],[7.952,0],[0,8.026],[-7.952,0]],"o":[[0,8.026],[-7.952,0],[0,-8.026],[7.952,0]],"v":[[-285.549,-125.619],[-299.947,-111.086],[-314.346,-125.619],[-299.947,-140.151]],"c":true}]},{"i":{"x":0.833,"y":1},"o":{"x":0.167,"y":0},"t":25,"s":[{"i":[[-0.826,-7.756],[12.82,0.314],[-0.029,-0.131],[-7.952,0]],"o":[[0.027,0.254],[-11.803,-0.289],[2.171,-7.727],[7.952,0]],"v":[[-285.549,-125.619],[-299.822,-140.086],[-314.346,-125.619],[-299.947,-140.151]],"c":true}]},{"i":{"x":0.667,"y":1},"o":{"x":0.333,"y":0},"t":67,"s":[{"i":[[-0.826,-7.756],[12.82,0.314],[-0.029,-0.131],[-7.952,0]],"o":[[0.027,0.254],[-11.803,-0.289],[2.171,-7.727],[7.952,0]],"v":[[-285.549,-125.619],[-299.822,-140.086],[-314.346,-125.619],[-299.947,-140.151]],"c":true}]},{"i":{"x":0.667,"y":1},"o":{"x":0.333,"y":0},"t":73,"s":[{"i":[[0,-8.026],[7.952,0],[0,8.026],[-7.952,0]],"o":[[0,8.026],[-7.952,0],[0,-8.026],[7.952,0]],"v":[[-285.549,-125.619],[-299.947,-111.086],[-314.346,-125.619],[-299.947,-140.151]],"c":true}]},{"i":{"x":0.833,"y":1},"o":{"x":0.167,"y":0},"t":79,"s":[{"i":[[-0.826,-7.756],[12.82,0.314],[-0.029,-0.131],[-7.952,0]],"o":[[0.027,0.254],[-11.803,-0.289],[2.171,-7.727],[7.952,0]],"v":[[-285.549,-125.619],[-299.822,-140.086],[-314.346,-125.619],[-299.947,-140.151]],"c":true}]},{"i":{"x":0.667,"y":1},"o":{"x":0.333,"y":0},"t":149,"s":[{"i":[[-0.826,-7.756],[12.82,0.314],[-0.029,-0.131],[-7.952,0]],"o":[[0.027,0.254],[-11.803,-0.289],[2.171,-7.727],[7.952,0]],"v":[[-285.549,-125.619],[-299.822,-140.086],[-314.346,-125.619],[-299.947,-140.151]],"c":true}]},{"i":{"x":0.667,"y":1},"o":{"x":0.333,"y":0},"t":155,"s":[{"i":[[0,-8.026],[7.952,0],[0,8.026],[-7.952,0]],"o":[[0,8.026],[-7.952,0],[0,-8.026],[7.952,0]],"v":[[-285.549,-125.619],[-299.947,-111.086],[-314.346,-125.619],[-299.947,-140.151]],"c":true}]},{"i":{"x":0.833,"y":1},"o":{"x":0.167,"y":0},"t":161,"s":[{"i":[[-0.826,-7.756],[12.82,0.314],[-0.029,-0.131],[-7.952,0]],"o":[[0.027,0.254],[-11.803,-0.289],[2.171,-7.727],[7.952,0]],"v":[[-285.549,-125.619],[-299.822,-140.086],[-314.346,-125.619],[-299.947,-140.151]],"c":true}]},{"i":{"x":0.667,"y":1},"o":{"x":0.333,"y":0},"t":289,"s":[{"i":[[-0.826,-7.756],[12.82,0.314],[-0.029,-0.131],[-7.952,0]],"o":[[0.027,0.254],[-11.803,-0.289],[2.171,-7.727],[7.952,0]],"v":[[-285.549,-125.619],[-299.822,-140.086],[-314.346,-125.619],[-299.947,-140.151]],"c":true}]},{"i":{"x":0.667,"y":1},"o":{"x":0.333,"y":0},"t":295,"s":[{"i":[[0,-8.026],[7.952,0],[0,8.026],[-7.952,0]],"o":[[0,8.026],[-7.952,0],[0,-8.026],[7.952,0]],"v":[[-285.549,-125.619],[-299.947,-111.086],[-314.346,-125.619],[-299.947,-140.151]],"c":true}]},{"t":301,"s":[{"i":[[-0.826,-7.756],[12.82,0.314],[-0.029,-0.131],[-7.952,0]],"o":[[0.027,0.254],[-11.803,-0.289],[2.171,-7.727],[7.952,0]],"v":[[-285.549,-125.619],[-299.822,-140.086],[-314.346,-125.619],[-299.947,-140.151]],"c":true}]}]},"nm":"Path 1","hd":false},{"ty":"fl","c":{"a":0,"k":[0.980392158031,0.823529422283,0.776470601559,1]},"o":{"a":0,"k":100},"r":1,"bm":0,"nm":"Fill 1","hd":false},{"ty":"tr","p":{"a":0,"k":[0,0]},"a":{"a":0,"k":[0,0]},"s":{"a":0,"k":[100,100]},"r":{"a":0,"k":0},"o":{"a":0,"k":100},"sk":{"a":0,"k":0},"sa":{"a":0,"k":0},"nm":"Transform"}],"nm":"Group 3","bm":0,"hd":false},{"ty":"gr","it":[{"ind":0,"ty":"sh","ks":{"a":1,"k":[{"i":{"x":0.667,"y":1},"o":{"x":0.333,"y":0},"t":13,"s":[{"i":[[-1.068,-8.007],[13.204,0.305],[-0.146,-0.007],[-7.952,0]],"o":[[-0.193,-0.007],[-12.544,-0.29],[0.729,-7.257],[7.952,0]],"v":[[-216.932,-128.243],[-231.206,-142.71],[-245.729,-128.243],[-231.331,-142.775]],"c":true}]},{"i":{"x":0.667,"y":1},"o":{"x":0.333,"y":0},"t":19,"s":[{"i":[[0,-8.026],[7.952,0],[0,8.026],[-7.952,0]],"o":[[0,8.026],[-7.952,0],[0,-8.026],[7.952,0]],"v":[[-216.932,-128.243],[-231.331,-113.71],[-245.729,-128.243],[-231.331,-142.775]],"c":true}]},{"i":{"x":0.833,"y":1},"o":{"x":0.167,"y":0},"t":25,"s":[{"i":[[-1.068,-8.007],[13.204,0.305],[-0.146,-0.007],[-7.952,0]],"o":[[-0.193,-0.007],[-12.544,-0.29],[0.729,-7.257],[7.952,0]],"v":[[-216.932,-128.243],[-231.206,-142.71],[-245.729,-128.243],[-231.331,-142.775]],"c":true}]},{"i":{"x":0.667,"y":1},"o":{"x":0.333,"y":0},"t":67,"s":[{"i":[[-1.068,-8.007],[13.204,0.305],[-0.146,-0.007],[-7.952,0]],"o":[[-0.193,-0.007],[-12.544,-0.29],[0.729,-7.257],[7.952,0]],"v":[[-216.932,-128.243],[-231.206,-142.71],[-245.729,-128.243],[-231.331,-142.775]],"c":true}]},{"i":{"x":0.667,"y":1},"o":{"x":0.333,"y":0},"t":73,"s":[{"i":[[0,-8.026],[7.952,0],[0,8.026],[-7.952,0]],"o":[[0,8.026],[-7.952,0],[0,-8.026],[7.952,0]],"v":[[-216.932,-128.243],[-231.331,-113.71],[-245.729,-128.243],[-231.331,-142.775]],"c":true}]},{"i":{"x":0.833,"y":1},"o":{"x":0.167,"y":0},"t":79,"s":[{"i":[[-1.068,-8.007],[13.204,0.305],[-0.146,-0.007],[-7.952,0]],"o":[[-0.193,-0.007],[-12.544,-0.29],[0.729,-7.257],[7.952,0]],"v":[[-216.932,-128.243],[-231.206,-142.71],[-245.729,-128.243],[-231.331,-142.775]],"c":true}]},{"i":{"x":0.667,"y":1},"o":{"x":0.333,"y":0},"t":149,"s":[{"i":[[-1.068,-8.007],[13.204,0.305],[-0.146,-0.007],[-7.952,0]],"o":[[-0.193,-0.007],[-12.544,-0.29],[0.729,-7.257],[7.952,0]],"v":[[-216.932,-128.243],[-231.206,-142.71],[-245.729,-128.243],[-231.331,-142.775]],"c":true}]},{"i":{"x":0.667,"y":1},"o":{"x":0.333,"y":0},"t":155,"s":[{"i":[[0,-8.026],[7.952,0],[0,8.026],[-7.952,0]],"o":[[0,8.026],[-7.952,0],[0,-8.026],[7.952,0]],"v":[[-216.932,-128.243],[-231.331,-113.71],[-245.729,-128.243],[-231.331,-142.775]],"c":true}]},{"i":{"x":0.833,"y":1},"o":{"x":0.167,"y":0},"t":161,"s":[{"i":[[-1.068,-8.007],[13.204,0.305],[-0.146,-0.007],[-7.952,0]],"o":[[-0.193,-0.007],[-12.544,-0.29],[0.729,-7.257],[7.952,0]],"v":[[-216.932,-128.243],[-231.206,-142.71],[-245.729,-128.243],[-231.331,-142.775]],"c":true}]},{"i":{"x":0.667,"y":1},"o":{"x":0.333,"y":0},"t":289,"s":[{"i":[[-1.068,-8.007],[13.204,0.305],[-0.146,-0.007],[-7.952,0]],"o":[[-0.193,-0.007],[-12.544,-0.29],[0.729,-7.257],[7.952,0]],"v":[[-216.932,-128.243],[-231.206,-142.71],[-245.729,-128.243],[-231.331,-142.775]],"c":true}]},{"i":{"x":0.667,"y":1},"o":{"x":0.333,"y":0},"t":295,"s":[{"i":[[0,-8.026],[7.952,0],[0,8.026],[-7.952,0]],"o":[[0,8.026],[-7.952,0],[0,-8.026],[7.952,0]],"v":[[-216.932,-128.243],[-231.331,-113.71],[-245.729,-128.243],[-231.331,-142.775]],"c":true}]},{"t":301,"s":[{"i":[[-1.068,-8.007],[13.204,0.305],[-0.146,-0.007],[-7.952,0]],"o":[[-0.193,-0.007],[-12.544,-0.29],[0.729,-7.257],[7.952,0]],"v":[[-216.932,-128.243],[-231.206,-142.71],[-245.729,-128.243],[-231.331,-142.775]],"c":true}]}]},"nm":"Path 1","hd":false},{"ty":"fl","c":{"a":0,"k":[0.980392158031,0.823529422283,0.776470601559,1]},"o":{"a":0,"k":100},"r":1,"bm":0,"nm":"Fill 1","hd":false},{"ty":"tr","p":{"a":0,"k":[0,0]},"a":{"a":0,"k":[0,0]},"s":{"a":0,"k":[100,100]},"r":{"a":0,"k":0},"o":{"a":0,"k":100},"sk":{"a":0,"k":0},"sa":{"a":0,"k":0},"nm":"Transform"}],"nm":"Group 4","bm":0,"hd":false}],"ip":0,"op":6000,"st":0,"bm":0},{"ddd":0,"ind":2,"ty":4,"nm":"Eye_2","sr":1,"ks":{"p":{"a":0,"k":[406,226,0]}},"ao":0,"shapes":[{"ty":"gr","it":[{"ty":"gr","it":[{"ind":0,"ty":"sh","ks":{"a":0,"k":{"i":[[0,-1.473],[1.46,0],[0,1.473],[-1.46,0]],"o":[[0,1.473],[-1.46,0],[0,-1.473],[1.46,0]],"v":[[-302.45,-129.693],[-305.093,-127.026],[-307.735,-129.693],[-305.093,-132.36]],"c":true}},"nm":"Path 1","hd":false},{"ty":"fl","c":{"a":0,"k":[1,1,1,1]},"o":{"a":0,"k":100},"r":1,"bm":0,"nm":"Fill 1","hd":false},{"ty":"tr","p":{"a":0,"k":[0,0]},"a":{"a":0,"k":[0,0]},"s":{"a":0,"k":[100,100]},"r":{"a":0,"k":0},"o":{"a":0,"k":100},"sk":{"a":0,"k":0},"sa":{"a":0,"k":0},"nm":"Transform"}],"nm":"Group 1","bm":0,"hd":false},{"ty":"gr","it":[{"ind":0,"ty":"sh","ks":{"a":0,"k":{"i":[[0,-5.29],[5.241,0],[0,5.29],[-5.241,0]],"o":[[0,5.29],[-5.241,0],[0,-5.29],[5.241,0]],"v":[[-290.105,-124.199],[-299.595,-114.621],[-309.084,-124.199],[-299.595,-133.777]],"c":true}},"nm":"Path 1","hd":false},{"ty":"fl","c":{"a":0,"k":[0.239215686917,0.180392161012,0.090196080506,1]},"o":{"a":0,"k":100},"r":1,"bm":0,"nm":"Fill 1","hd":false},{"ty":"tr","p":{"a":0,"k":[0,0]},"a":{"a":0,"k":[0,0]},"s":{"a":0,"k":[100,100]},"r":{"a":0,"k":0},"o":{"a":0,"k":100},"sk":{"a":0,"k":0},"sa":{"a":0,"k":0},"nm":"Transform"}],"nm":"Group 2","bm":0,"hd":false},{"ty":"gr","it":[{"ind":0,"ty":"sh","ks":{"a":0,"k":{"i":[[0,-8.026],[7.952,0],[0,8.026],[-7.952,0]],"o":[[0,8.026],[-7.952,0],[0,-8.026],[7.952,0]],"v":[[-285.549,-125.619],[-299.947,-111.086],[-314.346,-125.619],[-299.947,-140.151]],"c":true}},"nm":"Path 1","hd":false},{"ty":"st","c":{"a":0,"k":[0.239215686917,0.180392161012,0.090196080506,1]},"o":{"a":0,"k":100},"w":{"a":0,"k":0.5},"lc":1,"lj":1,"ml":10,"bm":0,"nm":"Stroke 1","hd":false},{"ty":"fl","c":{"a":0,"k":[1,1,1,1]},"o":{"a":0,"k":100},"r":1,"bm":0,"nm":"Fill 1","hd":false},{"ty":"tr","p":{"a":0,"k":[0,0]},"a":{"a":0,"k":[0,0]},"s":{"a":0,"k":[100,100]},"r":{"a":0,"k":0},"o":{"a":0,"k":100},"sk":{"a":0,"k":0},"sa":{"a":0,"k":0},"nm":"Transform"}],"nm":"Group 3","bm":0,"hd":false},{"ty":"tr","p":{"a":0,"k":[0,0]},"a":{"a":0,"k":[0,0]},"s":{"a":0,"k":[100,100]},"r":{"a":0,"k":0},"o":{"a":0,"k":100},"sk":{"a":0,"k":0},"sa":{"a":0,"k":0},"nm":"Transform"}],"nm":"Group 3","bm":0,"hd":false},{"ty":"gr","it":[{"ty":"gr","it":[{"ind":0,"ty":"sh","ks":{"a":0,"k":{"i":[[0,-1.473],[1.46,0],[0,1.473],[-1.46,0]],"o":[[0,1.473],[-1.46,0],[0,-1.473],[1.46,0]],"v":[[-234.145,-131.243],[-236.787,-128.575],[-239.43,-131.243],[-236.787,-133.91]],"c":true}},"nm":"Path 1","hd":false},{"ty":"fl","c":{"a":0,"k":[1,1,1,1]},"o":{"a":0,"k":100},"r":1,"bm":0,"nm":"Fill 1","hd":false},{"ty":"tr","p":{"a":0,"k":[0,0]},"a":{"a":0,"k":[0,0]},"s":{"a":0,"k":[100,100]},"r":{"a":0,"k":0},"o":{"a":0,"k":100},"sk":{"a":0,"k":0},"sa":{"a":0,"k":0},"nm":"Transform"}],"nm":"Group 1","bm":0,"hd":false},{"ty":"gr","it":[{"ind":0,"ty":"sh","ks":{"a":0,"k":{"i":[[0,-5.371],[5.322,0],[0,5.371],[-5.322,0]],"o":[[0,5.371],[-5.322,0],[0,-5.371],[5.322,0]],"v":[[-221.147,-126.837],[-230.783,-117.111],[-240.419,-126.837],[-230.783,-136.563]],"c":true}},"nm":"Path 1","hd":false},{"ty":"fl","c":{"a":0,"k":[0.239215686917,0.180392161012,0.090196080506,1]},"o":{"a":0,"k":100},"r":1,"bm":0,"nm":"Fill 1","hd":false},{"ty":"tr","p":{"a":0,"k":[0,0]},"a":{"a":0,"k":[0,0]},"s":{"a":0,"k":[100,100]},"r":{"a":0,"k":0},"o":{"a":0,"k":100},"sk":{"a":0,"k":0},"sa":{"a":0,"k":0},"nm":"Transform"}],"nm":"Group 2","bm":0,"hd":false},{"ty":"gr","it":[{"ind":0,"ty":"sh","ks":{"a":0,"k":{"i":[[0,-8.026],[7.952,0],[0,8.026],[-7.952,0]],"o":[[0,8.026],[-7.952,0],[0,-8.026],[7.952,0]],"v":[[-216.932,-128.243],[-231.331,-113.71],[-245.729,-128.243],[-231.331,-142.775]],"c":true}},"nm":"Path 1","hd":false},{"ty":"st","c":{"a":0,"k":[0.309803932905,0.239215686917,0.149019613862,1]},"o":{"a":0,"k":100},"w":{"a":0,"k":0.5},"lc":1,"lj":1,"ml":10,"bm":0,"nm":"Stroke 1","hd":false},{"ty":"fl","c":{"a":0,"k":[1,1,1,1]},"o":{"a":0,"k":100},"r":1,"bm":0,"nm":"Fill 1","hd":false},{"ty":"tr","p":{"a":0,"k":[0,0]},"a":{"a":0,"k":[0,0]},"s":{"a":0,"k":[100,100]},"r":{"a":0,"k":0},"o":{"a":0,"k":100},"sk":{"a":0,"k":0},"sa":{"a":0,"k":0},"nm":"Transform"}],"nm":"Group 3","bm":0,"hd":false},{"ty":"tr","p":{"a":0,"k":[0,0]},"a":{"a":0,"k":[0,0]},"s":{"a":0,"k":[100,100]},"r":{"a":0,"k":0},"o":{"a":0,"k":100},"sk":{"a":0,"k":0},"sa":{"a":0,"k":0},"nm":"Transform"}],"nm":"Group 4","bm":0,"hd":false}],"ip":0,"op":6000,"st":0,"bm":0}],"markers":[]}